County,Date,Tree Coverage Loss,Avg Temp,Avg Precipitation,Ozone,Nitrogen Dioxide,Floods,Wildfire
Alameda,2001,60,59.6,22.27,0.087,0.04,0,0
Alameda,2002,15,59,18.34,0.106,0.04,2,0
Alameda,2003,62,59.7,16.43,0.094,0.035,0,0
Alameda,2004,69,59.6,18.35,0.08,0.034,0,0
Alameda,2005,36,59.4,24.52,0.09,0.034,1,0
Alameda,2006,46,59,21.35,0.101,0.037,1,0
Alameda,2007,17,58.9,11.57,0.091,0.035,0,0
Alameda,2008,15,59.1,14.18,0.11,0.037,0,0
Alameda,2009,18,59,17.32,0.086,0.029,2,0
Alameda,2010,16,58.3,23.17,0.097,0.031,1,0
Alameda,2011,13,57.9,14.53,0.084,0.032,0,0
Alameda,2012,69,59.3,20.78,0.09,0.029,1,0
Alameda,2013,6,59.5,5.08,0.077,0.03,0,0
Alameda,2014,57,62,19.88,0.08,0.034,4,0
Alameda,2015,9,61.1,10.39,0.081,0.024,1,0
Alameda,2016,18,60.4,22.55,0.085,0.02,2,0
Alameda,2017,22,60.5,24.97,0.086,0.029,20,0
Alameda,2018,5,59.8,16.57,0.078,0.036,17,0
Alameda,2019,14,59.7,22.29,0.078,0.027,28,9
Alameda,2020,63,61.7,8.42,0.077,0.026,12,7
Contra Costa,2001,75,60.5,22.8,0.102,0.025,0,0
Contra Costa,2002,62,59.9,18.29,0.096,0.026,1,0
Contra Costa,2003,32,60.5,16.01,0.082,0.025,0,0
Contra Costa,2004,39,60.4,18.97,0.081,0.021,0,0
Contra Costa,2005,82,60.1,25.25,0.077,0.022,1,0
Contra Costa,2006,66,59.8,20.63,0.09,0.027,1,0
Contra Costa,2007,30,59.9,11.26,0.078,0.034,0,0
Contra Costa,2008,23,60.2,14.29,0.09,0.019,0,0
Contra Costa,2009,127,59.9,17.83,0.094,0.02,1,0
Contra Costa,2010,26,59,24.44,0.086,0.02,3,0
Contra Costa,2011,16,58.7,15.69,0.078,0.022,0,0
Contra Costa,2012,40,60.2,23.25,0.087,0.02,2,0
Contra Costa,2013,143,60.7,5.27,0.075,0.019,0,0
Contra Costa,2014,125,62.7,21.07,0.071,0.02,0,0
Contra Costa,2015,19,62,9.28,0.072,0.017,0,0
Contra Costa,2016,15,61.2,22.55,0.08,0.014,0,0
Contra Costa,2017,23,61.5,26.84,0.071,0.021,11,0
Contra Costa,2018,24,61,17.52,0.078,0.024,8,0
Contra Costa,2019,20,60.6,23.29,0.072,0.018,11,9
Contra Costa,2020,67,62.8,7.23,0.085,0.016,2,7
Fresno,2001,921,56.4,23.21,0.101,0.045,4,5
Fresno,2002,562,55.9,15.55,0.113,0.046,5,1
Fresno,2003,502,56.5,16.46,0.106,0.044,1,2
Fresno,2004,760,55.8,18.64,0.099,0.042,0,11
Fresno,2005,1250,55.7,24.86,0.091,0.041,9,11
Fresno,2006,998,55.5,23.48,0.097,0.037,3,15
Fresno,2007,1470,55.9,10.33,0.092,0.039,3,2
Fresno,2008,1540,56.2,16.06,0.112,0.035,2,11
Fresno,2009,1560,55.9,16.71,0.1,0.03,1,3
Fresno,2010,931,54.6,29.56,0.091,0.028,5,6
Fresno,2011,1210,54.3,17.62,0.104,0.033,19,3
Fresno,2012,437,56.7,16.34,0.108,0.032,7,2
Fresno,2013,786,56.8,5.29,0.094,0.039,0,4
Fresno,2014,2380,59,12.44,0.094,0.037,0,17
Fresno,2015,9220,57.6,12.23,0.11,0.028,0,10
Fresno,2016,23200,57.3,19.6,0.093,0.025,3,4
Fresno,2017,4120,57.3,27.16,0.103,0.036,33,8
Fresno,2018,574,57.4,16.87,0.097,0.042,11,4
Fresno,2019,711,55.8,25.12,0.08,0.026,15,0
Fresno,2020,1470,57.6,9.62,0.091,0.033,4,16
Marin,2001,43,56.2,41.87,0.065,0.04,0,0
Marin,2002,114,55.9,35.36,0.056,0.038,2,0
Marin,2003,53,56.5,31.26,0.067,0.038,0,0
Marin,2004,35,56.7,35.33,0.063,0.031,0,0
Marin,2005,111,56,47.8,0.059,0.033,1,0
Marin,2006,45,55.8,41.01,0.058,0.035,1,0
Marin,2007,56,55.7,21.67,0.057,0.034,0,0
Marin,2008,42,55.9,27.04,0.069,0.033,0,0
Marin,2009,48,55.8,28.68,0.059,0.029,2,0
Marin,2010,16,55.2,47.75,0.069,0.032,4,0
Marin,2011,57,54.7,28.49,0.07,0.032,0,0
Marin,2012,50,55.6,44.26,0.057,0.031,6,0
Marin,2013,17,56.3,8.4,0.069,0.035,0,3
Marin,2014,14,58.8,40.24,0.068,0.042,6,0
Marin,2015,14,58.3,15.93,0.07,0.028,0,0
Marin,2016,73,57.1,40.81,0.067,0.024,0,0
Marin,2017,14,57.5,45.85,0.063,0.028,7,4
Marin,2018,3,56.7,30.49,0.053,0.039,9,3
Marin,2019,9,56.9,46.7,0.08,0.029,34,5
Marin,2020,174,58.4,13.07,0.064,0.026,1,8
Merced,2001,133,63.1,13.1,0.105,0.028,1,1
Merced,2002,119,62.2,9.32,0.125,0.031,2,0
Merced,2003,135,62.9,9.16,0.11,0.026,0,2
Merced,2004,238,62.4,12.22,0.109,0.029,0,0
Merced,2005,203,62.7,14.31,0.093,0.027,1,3
Merced,2006,335,62.1,12.7,0.091,0.022,3,3
Merced,2007,184,62.2,5.98,0.096,0.021,0,1
Merced,2008,349,62.6,8.67,0.12,0.022,0,0
Merced,2009,499,62.6,9.87,0.083,0.019,0,0
Merced,2010,275,61.5,16.75,0.096,0.018,1,0
Merced,2011,314,60.8,10.04,0.087,0.021,7,0
Merced,2012,314,63.2,10.16,0.086,0.017,1,0
Merced,2013,81,63,3.5,0.091,0.026,2,0
Merced,2014,125,65.1,10.12,0.088,0.024,0,0
Merced,2015,91,64,6.98,0.089,0.016,0,1
Merced,2016,279,64,14.46,0.086,0.017,0,1
Merced,2017,913,64,13.02,0.084,0.018,15,1
Merced,2018,236,63.4,10.5,0.083,0.023,3,0
Merced,2019,509,62.9,13.85,0.076,0.018,5,0
Merced,2020,266,63.4,5.77,0.087,0.018,1,2
Monterey,2001,335,58.8,25.65,0.069,0.02,0,0
Monterey,2002,434,58.4,16.86,0.062,0.019,0,0
Monterey,2003,316,59.3,16.41,0.063,0.021,0,0
Monterey,2004,738,58.8,21.9,0.07,0.048,0,0
Monterey,2005,430,59,24.62,0.057,0.021,0,0
Monterey,2006,2390,58.2,23.08,0.057,0.021,0,1
Monterey,2007,666,58.1,9.71,0.058,0.019,0,0
Monterey,2008,40900,58.6,17.77,0.067,0.02,0,0
Monterey,2009,1810,58.7,18.42,0.067,0.018,2,0
Monterey,2010,1050,57.9,29,0.061,0.017,2,0
Monterey,2011,234,57.5,20.3,0.056,0.018,1,0
Monterey,2012,636,58.8,19.94,0.055,0.017,0,0
Monterey,2013,416,59.1,4.18,0.062,0.018,0,3
Monterey,2014,736,61.7,19.93,0.062,0.015,5,0
Monterey,2015,675,60.8,11.24,0.061,0.014,0,0
Monterey,2016,13300,60,20.86,0.058,0.014,3,0
Monterey,2017,2770,60.4,25.02,0.07,0.013,10,1
Monterey,2018,111,59.9,19.21,0.052,0.015,3,0
Monterey,2019,61,59.1,30.5,0.063,0.014,19,1
Monterey,2020,13300,60.4,10.21,0.057,0.014,2,12
Orange,2001,102,63.2,14.95,0.035,0.064,8,2
Orange,2002,140,63.3,5.88,0.0369,0.076,4,10
Orange,2003,80,64.4,12.46,0.0394,0.071,1,0
Orange,2004,105,64,14.1,0.0524,0.061,0,0
Orange,2005,105,64.2,21.12,0.0453,0.06,0,0
Orange,2006,772,64.6,9.61,0.0411,0.069,0,1
Orange,2007,1180,64.3,5.43,0.0403,0.059,0,2
Orange,2008,434,64.9,11.45,0.0422,0.062,0,0
Orange,2009,120,65,8.04,0.0397,0.05,0,0
Orange,2010,35,63.1,24.57,0.0379,0.048,1,1
Orange,2011,14,63.2,9.47,0.0363,0.051,0,0
Orange,2012,69,65,8.62,0.0389,0.048,0,0
Orange,2013,0.515,64.3,4.21,0.0383,0.055,1,1
Orange,2014,9,67,7.63,0.0408,0.059,3,1
Orange,2015,3,67,5.91,0.0401,0.046,1,0
Orange,2016,31,66.1,10.92,0.0409,0.045,0,0
Orange,2017,72,66.3,13.2,0.042,0.057,3,2
Orange,2018,1290,65.8,8.79,0.0411,0.045,1,2
Orange,2019,403,63.9,21.24,0.0419,0.039,3,0
Orange,2020,66,65.9,9.57,0.0423,0.05,5,3
Riverside,2001,198,68.6,7.23,0.058,0.071,4,20
Riverside,2002,444,68.3,2.85,0.062,0.043,4,29
Riverside,2003,418,69.2,8.21,0.146,0.045,3,25
Riverside,2004,1270,68.2,10.27,0.116,0.043,0,4
Riverside,2005,342,68.2,13.54,0.132,0.035,2,4
Riverside,2006,2920,68.6,4.52,0.116,0.047,0,13
Riverside,2007,445,68.8,4.73,0.114,0.04,0,12
Riverside,2008,159,69,8.54,0.12,0.033,0,3
Riverside,2009,263,68.8,4.46,0.104,0.028,0,8
Riverside,2010,265,67.6,13.77,0.107,0.03,1,8
Riverside,2011,87,67.5,6.34,0.111,0.025,2,2
Riverside,2012,177,69.7,6.21,0.098,0.028,5,6
Riverside,2013,1450,68.9,4.87,0.103,0.028,2,6
Riverside,2014,595,70.8,5.23,0.097,0.025,5,4
Riverside,2015,184,70,5.43,0.097,0.027,4,0
Riverside,2016,129,70.1,8.04,0.106,0.03,3,1
Riverside,2017,228,70.7,7.94,0.105,0.028,5,2
Riverside,2018,2850,70.2,5.82,0.106,0.027,1,6
Riverside,2019,1020,67.6,12.78,0.096,0.02,1,10
Riverside,2020,2250,70.2,6.62,0.115,0.022,7,8
San Joaquin,2001,104,62.5,16.97,0.092,0.053,1,0
San Joaquin,2002,121,61.7,13.07,0.086,0.043,0,0
San Joaquin,2003,107,62.5,11.82,0.088,0.05,0,0
San Joaquin,2004,104,62.2,14.62,0.08,0.041,0,0
San Joaquin,2005,281,62.1,17.88,0.086,0.04,0,0
San Joaquin,2006,522,61.8,15.64,0.092,0.041,0,0
San Joaquin,2007,275,62,8.86,0.081,0.042,0,0
San Joaquin,2008,331,62.1,10.05,0.09,0.041,0,0
San Joaquin,2009,423,61.9,11.7,0.096,0.033,0,0
San Joaquin,2010,340,61.1,18.96,0.095,0.036,0,0
San Joaquin,2011,385,60.4,11.61,0.068,0.035,0,0
San Joaquin,2012,235,62.2,15.68,0.083,0.043,0,0
San Joaquin,2013,176,62.2,5.06,0.067,0.039,0,0
San Joaquin,2014,294,64.5,14.4,0.077,0.042,1,1
San Joaquin,2015,145,63.9,7.69,0.078,0.029,0,1
San Joaquin,2016,182,63.3,18.33,0.078,0.028,0,0
San Joaquin,2017,651,63.7,19.08,0.079,0.032,1,2
San Joaquin,2018,235,63.3,14.35,0.077,0.039,0,1
San Joaquin,2019,337,63.1,17.6,0.077,0.037,2,1
San Joaquin,2020,354,64.5,6.6,0.074,0.033,1,4
San Luis Obispo,2001,138,59.4,22.7,0.081,0.033,8,0
San Luis Obispo,2002,177,59,12.02,0.078,0.026,0,1
San Luis Obispo,2003,410,60.1,12.49,0.062,0.028,0,0
San Luis Obispo,2004,359,59.3,18.59,0.068,0.021,0,0
San Luis Obispo,2005,184,59.6,19.76,0.069,0.025,0,0
San Luis Obispo,2006,372,59,18.21,0.056,0.03,0,0
San Luis Obispo,2007,165,59.2,7.75,0.062,0.023,0,0
San Luis Obispo,2008,145,59.8,14.31,0.08,0.024,0,0
San Luis Obispo,2009,130,59.7,13.51,0.065,0.022,0,0
San Luis Obispo,2010,168,58.6,27.45,0.065,0.019,0,0
San Luis Obispo,2011,121,58.4,15.48,0.061,0.021,0,0
San Luis Obispo,2012,234,60.2,13.9,0.052,0.022,0,0
San Luis Obispo,2013,73,60.6,3.12,0.051,0.024,0,0
San Luis Obispo,2014,154,62.7,12.18,0.065,0.024,0,0
San Luis Obispo,2015,426,61.4,6.65,0.057,0.015,0,0
San Luis Obispo,2016,6990,61.1,16.06,0.057,0.013,0,2
San Luis Obispo,2017,512,61.7,20.89,0.062,0.019,0,2
San Luis Obispo,2018,26,61.1,14.4,0.055,0.018,0,0
San Luis Obispo,2019,27,59.7,23.65,0.055,0.015,0,0
San Luis Obispo,2020,42,61.1,9.31,0.058,0.016,0,2
San Mateo,2001,49,56.8,35.12,0.067,0.043,0,0
San Mateo,2002,25,56.6,27.64,0.063,0.041,0,0
San Mateo,2003,47,57.5,24.98,0.078,0.046,0,0
San Mateo,2004,34,57.4,27.64,0.071,0.043,0,0
San Mateo,2005,84,57.1,37.5,0.061,0.041,1,0
San Mateo,2006,85,56.6,32.82,0.063,0.039,1,0
San Mateo,2007,72,56.3,16.66,0.069,0.035,0,0
San Mateo,2008,74,56.5,22.4,0.069,0.039,0,0
San Mateo,2009,89,56.7,24.42,0.063,0.031,1,0
San Mateo,2010,31,56.2,35.46,0.077,0.033,4,0
San Mateo,2011,40,56,22.94,0.061,0.032,0,0
San Mateo,2012,80,56.6,33.17,0.054,0.032,0,0
San Mateo,2013,62,57.2,6.19,0.075,0.036,0,0
San Mateo,2014,111,59.6,28.55,0.065,0.038,3,0
San Mateo,2015,55,59.2,14.07,0.071,0.029,2,0
San Mateo,2016,33,58.2,33.08,0.06,0.025,1,0
San Mateo,2017,49,58.4,36.79,0.086,0.032,6,2
San Mateo,2018,14,57.6,22.73,0.049,0.045,8,1
San Mateo,2019,32,58,34.33,0.077,0.028,7,2
San Mateo,2020,639,58.8,10.95,0.077,0.025,6,2
Santa Clara,2001,54,58.6,27.1,0.061,0.059,0,0
Santa Clara,2002,224,58.2,22.15,0.032,0.049,0,0
Santa Clara,2003,372,58.9,20.36,0.082,0.047,0,1
Santa Clara,2004,352,58.7,22.27,0.068,0.047,0,0
Santa Clara,2005,92,58.7,28.98,0.08,0.054,0,0
Santa Clara,2006,1500,58.2,26.31,0.087,0.049,0,0
Santa Clara,2007,1610,57.9,12.84,0.068,0.049,0,0
Santa Clara,2008,661,58.3,18.49,0.08,0.051,0,0
Santa Clara,2009,164,58.4,21.46,0.068,0.04,2,0
Santa Clara,2010,63,57.5,30.07,0.086,0.038,7,0
Santa Clara,2011,55,57.2,19.71,0.067,0.04,1,0
Santa Clara,2012,142,58.6,25.16,0.062,0.04,1,0
Santa Clara,2013,25,58.9,5.12,0.079,0.047,0,0
Santa Clara,2014,268,61,24.39,0.066,0.044,18,0
Santa Clara,2015,96,60.4,13.73,0.081,0.036,4,0
Santa Clara,2016,968,59.9,29.64,0.066,0.032,7,0
Santa Clara,2017,412,59.8,31.53,0.098,0.036,28,2
Santa Clara,2018,11,59.5,21.1,0.061,0.057,12,1
Santa Clara,2019,9,58.9,32.17,0.081,0.032,23,3
Santa Clara,2020,2250,60.5,12.47,0.085,0.032,5,8
Sonoma,2001,391,57.6,48.8,0.063,0.032,0,0
Sonoma,2002,729,57.1,39.61,0.06,0.031,0,0
Sonoma,2003,142,57.4,41.95,0.079,0.03,0,0
Sonoma,2004,1112,57.8,41.62,0.06,0.027,0,0
Sonoma,2005,721,57,55.6,0.051,0.028,1,0
Sonoma,2006,138,56.8,48.17,0.058,0.028,1,0
Sonoma,2007,183,57,26.8,0.059,0.027,0,0
Sonoma,2008,213,57.1,30.88,0.064,0.026,0,0
Sonoma,2009,237,57,29.53,0.065,0.025,1,0
Sonoma,2010,92,56.1,56.93,0.068,0.021,3,0
Sonoma,2011,87,55.9,32.85,0.053,0.028,7,0
Sonoma,2012,183,56.9,51.03,0.051,0.025,7,0
Sonoma,2013,113,57.5,10.12,0.064,0.026,0,3
Sonoma,2014,184,59.7,44.19,0.061,0.02,14,0
Sonoma,2015,499,59.4,21.43,0.062,0.016,3,0
Sonoma,2016,877,58.2,49.56,0.064,0.012,2,0
Sonoma,2017,6100,58.5,52.76,0.071,0.017,30,4
Sonoma,2018,3200,58.1,36.02,0.053,0.021,27,3
Sonoma,2019,2130,57.9,57.85,0.059,0.014,95,5
Sonoma,2020,8900,59.4,14.86,0.058,0.014,2,8
Stanislaus,2001,228,62.1,16.59,0.093,0.039,1,0
Stanislaus,2002,321,61.4,11.78,0.096,0.041,0,0
Stanislaus,2003,456,62,10.53,0.091,0.036,0,0
Stanislaus,2004,645,61.6,13.13,0.084,0.037,0,0
Stanislaus,2005,411,61.9,16.86,0.094,0.028,0,0
Stanislaus,2006,2560,61.3,15.45,0.097,0.03,2,0
Stanislaus,2007,2020,61.5,7.92,0.081,0.029,0,0
Stanislaus,2008,1200,61.6,10.64,0.106,0.029,0,0
Stanislaus,2009,961,61.6,11.6,0.098,0.029,0,0
Stanislaus,2010,436,60.4,19.43,0.08,0.026,0,0
Stanislaus,2011,654,59.9,11.89,0.078,0.026,0,0
Stanislaus,2012,776,61.9,14.2,0.091,0.028,0,0
Stanislaus,2013,164,61.9,4.37,0.082,0.027,0,0
Stanislaus,2014,346,64,14.42,0.09,0.027,0,0
Stanislaus,2015,295,63.1,8.63,0.093,0.018,0,0
Stanislaus,2016,624,63.2,18.04,0.091,0.023,0,0
Stanislaus,2017,1090,63.4,16.82,0.098,0.028,0,0
Stanislaus,2018,943,62.9,13.57,0.091,0.032,0,0
Stanislaus,2019,661,62.3,17.77,0.083,0.026,0,1
Stanislaus,2020,786,63.1,6.78,0.082,0.026,0,3
Sutter,2001,394,63.6,22.29,0.076,0.038,0,0
Sutter,2002,185,62.9,16.98,0.103,0.039,0,0
Sutter,2003,223,63.2,18.29,0.099,0.037,0,0
Sutter,2004,261,63.3,18.74,0.089,0.029,0,0
Sutter,2005,478,62.9,24.06,0.083,0.027,0,0
Sutter,2006,570,62.8,19.48,0.097,0.032,1,0
Sutter,2007,220,62.9,11.72,0.085,0.032,0,0
Sutter,2008,227,63.1,15.21,0.113,0.03,0,4
Sutter,2009,199,63.1,14.9,0.077,0.029,0,0
Sutter,2010,162,62.1,24.43,0.075,0.024,0,0
Sutter,2011,200,61.3,18.17,0.079,0.03,0,0
Sutter,2012,149,63.3,22.78,0.085,0.067,0,0
Sutter,2013,148,63.5,6.57,0.078,0.028,0,0
Sutter,2014,49,65.6,20.03,0.08,0.028,0,0
Sutter,2015,48,65,8.87,0.076,0.02,0,1
Sutter,2016,72,64.3,21.39,0.084,0.018,0,0
Sutter,2017,116,64.6,25.41,0.065,0.023,0,3
Sutter,2018,128,63.7,17.61,0.083,0.024,0,1
Sutter,2019,150,63.4,28.23,0.067,0.022,1,1
Sutter,2020,121,64.9,6.57,0.09,0.02,0,5
Imperial,2001,0.324,74.4,2.71,0.108,0.045,0,0
Imperial,2002,1,73.7,0.62,0.089,0.044,0,0
Imperial,2003,0.26,74.6,2.94,0.078,0.043,0,0
Imperial,2004,4,73.6,5.26,0.09,0.048,0,0
Imperial,2005,0.324,74,5.37,0.083,0.052,0,0
Imperial,2006,0.778,74.2,1.09,0.083,0.045,0,0
Imperial,2007,0.13,74.1,1.99,0.101,0.046,0,0
Imperial,2008,1,74.4,3.36,0.085,0.043,0,0
Imperial,2009,0.0649,74.6,1.25,0.081,0.045,0,0
Imperial,2010,3,73.4,6.37,0.08,0.034,0,0
Imperial,2011,0.454,73.3,2.53,0.076,0.039,0,0
Imperial,2012,0.13,75.2,2.48,0.095,0.038,3,0
Imperial,2013,0,74.4,3.6,0.098,0.032,0,0
Imperial,2014,0,76.5,2.06,0.086,0.041,1,0
Imperial,2015,0,75.9,2.21,0.082,0.037,0,0
Imperial,2016,0,75.5,3.06,0.077,0.04,0,0
Imperial,2017,0,76.3,2.82,0.092,0.057,0,0
Imperial,2018,0,75.3,2.07,0.084,0.057,0,0
Imperial,2019,0,72.9,3.76,0.089,0.026,0,0
Imperial,2020,0,75.4,2.69,0.087,0.03,1,1
Los Angeles,2001,76,61.5,18.23,0.099,0.077,3,0
Los Angeles,2002,2650,61.5,6.43,0.08,0.069,0,5
Los Angeles,2003,2290,62.4,14.85,0.088,0.08,2,4
Los Angeles,2004,2820,61.7,17.36,0.091,0.082,0,6
Los Angeles,2005,256,61.4,26.82,0.098,0.059,0,0
Los Angeles,2006,1650,61.9,12.32,0.079,0.061,0,0
Los Angeles,2007,2000,62.3,6.18,0.102,0.059,0,8
Los Angeles,2008,3590,62.6,15.12,0.09,0.067,0,4
Los Angeles,2009,26800,62.1,10.11,0.1,0.061,0,2
Los Angeles,2010,365,60.6,25.85,0.08,0.052,0,0
Los Angeles,2011,36,60.7,12.03,0.065,0.056,0,0
Los Angeles,2012,283,62.9,9.31,0.077,0.05,0,0
Los Angeles,2013,2260,62.8,4.95,0.069,0.053,0,4
Los Angeles,2014,227,64.8,10.32,0.094,0.053,0,2
Los Angeles,2015,57,64.1,7.11,0.074,0.058,0,0
Los Angeles,2016,5060,63.7,12.59,0.078,0.046,0,5
Los Angeles,2017,1720,64.1,13.69,0.086,0.05,0,1
Los Angeles,2018,3220,63.5,10.79,0.073,0.051,0,4
Los Angeles,2019,1660,61.1,23.4,0.08,0.042,0,6
Los Angeles,2020,11700,63.2,10.89,0.118,0.045,0,5
Sacramento,2001,107,62.7,22.09,0.092,0.025,0,0
Sacramento,2002,10,62,16.71,0.082,0.024,0,0
Sacramento,2003,67,62.5,16.52,0.089,0.016,0,0
Sacramento,2004,22,62.4,18.11,0.086,0.028,0,0
Sacramento,2005,66,62.2,24.21,0.095,0.029,0,0
Sacramento,2006,106,61.9,19.67,0.112,0.028,1,0
Sacramento,2007,47,62,12.52,0.087,0.028,0,0
Sacramento,2008,90,62.2,14.74,0.093,0.025,0,0
Sacramento,2009,82,62,17.4,0.086,0.019,0,0
Sacramento,2010,41,61.2,24.62,0.089,0.017,0,0
Sacramento,2011,33,60.5,17.39,0.08,0.019,0,0
Sacramento,2012,27,62.4,22.58,0.086,0.02,1,0
Sacramento,2013,43,62.7,6.41,0.068,0.024,1,0
Sacramento,2014,18,64.9,18.89,0.072,0.019,4,0
Sacramento,2015,17,64.1,9.56,0.082,0.013,0,2
Sacramento,2016,32,63.5,22.67,0.072,0.012,5,0
Sacramento,2017,10,63.7,27.87,0.085,0.015,21,2
Sacramento,2018,21,62.9,18.95,0.082,0.018,2,1
Sacramento,2019,21,62.9,25.88,0.077,0.011,15,1
Sacramento,2020,2,64.4,8.06,0.082,0.012,8,6
San Diego,2001,405,62.6,11.08,0.116,0.022,0,20
San Diego,2002,3900,62.5,6,0.1,0.022,7,34
San Diego,2003,1450,63.5,11.98,0.103,0.021,3,18
San Diego,2004,5280,62.6,13.89,0.095,0.023,0,9
San Diego,2005,374,62.9,17.07,0.089,0.024,11,4
San Diego,2006,1560,63.5,9.48,0.1,0.024,0,2
San Diego,2007,8160,63.1,7.43,0.092,0.022,0,17
San Diego,2008,1910,63.7,15.01,0.109,0.019,0,2
San Diego,2009,459,63.5,8.25,0.097,0.017,0,1
San Diego,2010,503,61.8,23.78,0.088,0.015,2,2
San Diego,2011,197,62,12.78,0.093,0.014,1,2
San Diego,2012,283,63.9,9.8,0.083,0.013,10,5
San Diego,2013,160,63.4,7.86,0.083,0.014,1,3
San Diego,2014,749,65.9,8.07,0.081,0.013,13,10
San Diego,2015,187,64.9,9.08,0.084,0.016,1,1
San Diego,2016,322,64.8,13.17,0.091,0.013,6,2
San Diego,2017,257,65.2,12.79,0.095,0.012,11,2
San Diego,2018,203,64.8,9.69,0.082,0.014,4,2
San Diego,2019,169,62.4,21.17,0.084,0.014,12,1
San Diego,2020,266,64.7,11.35,0.102,0.013,13,7
San Francisco,2001,9,56.9,33.17,0.054,0.019,1,0
San Francisco,2002,9,56.7,24.91,0.049,0.019,1,0
San Francisco,2003,18,57.7,21.27,0.059,0.018,0,0
San Francisco,2004,2,57.7,24.42,0.059,0.017,1,0
San Francisco,2005,13,57.3,33.81,0.054,0.0016,0,0
San Francisco,2006,9,56.7,30.3,0.046,0.0016,0,0
San Francisco,2007,5,56.7,16.1,0.049,0.0016,0,0
San Francisco,2008,3,56.6,19.61,0.066,0.0016,0,0
San Francisco,2009,8,56.7,22.53,0.056,0.0151,2,0
San Francisco,2010,9,56.3,33.64,0.051,0.013,1,0
San Francisco,2011,7,56.1,21.16,0.054,0.014,0,0
San Francisco,2012,6,56.5,30.87,0.048,0.013,3,0
San Francisco,2013,0.367,57.1,6.21,0.059,0.014,0,0
San Francisco,2014,6,59.9,28.74,0.069,0.012,8,0
San Francisco,2015,4,59.4,11.15,0.067,0.012,0,0
San Francisco,2016,5,58.3,28.85,0.057,0.011,1,0
San Francisco,2017,2,58.5,31.59,0.054,0.011,14,0
San Francisco,2018,0.672,57.6,22.51,0.049,0.011,15,0
San Francisco,2019,4,58,29.56,0.073,0.01,20,0
San Francisco,2020,2,59.2,9.44,0.055,0.033,7,1
Santa Barbara,2001,126,58.1,26.94,0.086,0.022,8,0
Santa Barbara,2002,101,57.9,11.94,0.075,0.01,1,1
Santa Barbara,2003,63,58.8,13.94,0.102,0.018,1,0
Santa Barbara,2004,1440,58.3,19.96,0.102,0.019,0,1
Santa Barbara,2005,200,58.6,24.54,0.081,0.017,1,0
Santa Barbara,2006,2680,58.4,18.82,0.077,0.011,0,1
Santa Barbara,2007,41700,58.2,8.01,0.086,0.012,0,4
Santa Barbara,2008,10400,58.9,20.42,0.078,0.016,0,3
Santa Barbara,2009,21000,58.5,13.14,0.09,0.011,0,3
Santa Barbara,2010,538,57.5,30.25,0.082,0.018,0,0
Santa Barbara,2011,88,57.6,16.36,0.09,0.008,0,0
Santa Barbara,2012,124,59,12.51,0.081,0.008,0,0
Santa Barbara,2013,158,59,3.94,0.074,0.01,0,0
Santa Barbara,2014,365,61.8,13.21,0.086,0.004,0,0
Santa Barbara,2015,119,61.2,5.05,0.071,0.004,0,0
Santa Barbara,2016,5280,60.4,15.99,0.075,0.003,0,6
Santa Barbara,2017,15800,60.7,20.52,0.075,0.005,0,7
Santa Barbara,2018,4730,60.2,12.72,0.069,0.005,0,0
Santa Barbara,2019,384,58.6,26.65,0.072,0.004,0,0
Santa Barbara,2020,114,60.2,11.34,0.074,0.003,0,0
Ventura,2001,196,57.7,27.4,0.066,0.043,7,0
Ventura,2002,3120,57.5,10.73,0.033,0.026,1,2
Ventura,2003,3110,58.8,18.42,0.103,0.032,1,4
Ventura,2004,1710,58,22.12,0.098,0.035,0,0
Ventura,2005,1390,58.2,34.18,0.094,0.026,1,1
Ventura,2006,14100,58.1,18.71,0.104,0.024,0,1
Ventura,2007,4230,58,8.31,0.097,0.025,0,0
Ventura,2008,1630,58.6,17.95,0.095,0.026,0,0
Ventura,2009,156,58,13.3,0.092,0.025,0,2
Ventura,2010,152,56.8,29.62,0.086,0.032,0,0
Ventura,2011,80,57,16.52,0.084,0.023,0,0
Ventura,2012,173,58.9,12.34,0.087,0.02,0,0
Ventura,2013,1240,59.4,4.93,0.089,0.022,0,3
Ventura,2014,139,61,14.86,0.085,0.019,0,0
Ventura,2015,83,60.7,6.82,0.078,0.017,0,0
Ventura,2016,272,59.7,16.14,0.083,0.014,0,1
Ventura,2017,27000,60.3,20.91,0.094,0.014,0,3
Ventura,2018,4240,59.5,14.24,0.092,0.017,0,4
Ventura,2019,441,57.7,31.01,0.078,0.013,0,8
Ventura,2020,74,59.5,12.1,0.095,0.014,0,2
Yolo,2001,61,62.8,25.4,0.172,0.028,0,0
Yolo,2002,44,62,19.7,0.059,0.03,0,0
Yolo,2003,71,62.4,19.09,0.082,0.025,0,0
Yolo,2004,238,62.5,21.2,0.075,0.029,0,0
Yolo,2005,489,62.1,28.08,0.08,0.02,0,0
Yolo,2006,139,61.8,21.43,0.094,0.021,0,0
Yolo,2007,63,62.1,12.11,0.091,0.023,0,0
Yolo,2008,146,62.1,17.31,0.098,0.021,0,0
Yolo,2009,56,62,18.45,0.081,0.02,0,0
Yolo,2010,98,61,27.71,0.072,0.025,0,0
Yolo,2011,50,60.5,18.92,0.082,0.021,0,0
Yolo,2012,87,62.2,25.72,0.076,0.021,0,0
Yolo,2013,20,62.5,5.79,0.062,0.02,0,0
Yolo,2014,86,64.7,21.62,0.067,0.021,1,0
Yolo,2015,1240,63.9,9.19,0.071,0.015,0,1
Yolo,2016,279,63.1,22.92,0.072,0.015,0,0
Yolo,2017,58,63.1,30.74,0.071,0.014,0,0
Yolo,2018,3230,62.4,17.84,0.08,0.018,0,0
Yolo,2019,400,62.4,33.14,0.066,0.013,12,1
Yolo,2020,1250,63.9,6.36,0.068,0.012,0,5